-- Repeatable demo seed: 3 users, 7 accounts (5 customer + 2 loan books), 10 COMPLETED transfers,
-- 2 ACTIVE loans with partial repayments (double-entry ledger aligned with app reference types).
-- Password for all demo users: Demo123!
-- Run after V9 (internal funding account exists).

DELETE FROM notifications WHERE user_id IN (
    'f1010101-0101-4101-8101-010101010101', 'f1010101-0101-4101-8101-010101010102', 'f1010101-0101-4101-8101-010101010103');

DELETE FROM audit_records WHERE actor_id IN (
    'f1010101-0101-4101-8101-010101010101', 'f1010101-0101-4101-8101-010101010102', 'f1010101-0101-4101-8101-010101010103');

DELETE FROM loan_repayments WHERE loan_id IN ('f3030303-0303-4303-8303-030303030301', 'f3030303-0303-4303-8303-030303030302');

DELETE FROM loans WHERE id IN ('f3030303-0303-4303-8303-030303030301', 'f3030303-0303-4303-8303-030303030302');

DELETE FROM transfers WHERE id IN ('f4040404-0404-4404-8404-040404040401', 'f4040404-0404-4404-8404-040404040402', 'f4040404-0404-4404-8404-040404040403', 'f4040404-0404-4404-8404-040404040404', 'f4040404-0404-4404-8404-040404040405', 'f4040404-0404-4404-8404-040404040406', 'f4040404-0404-4404-8404-040404040407', 'f4040404-0404-4404-8404-040404040408', 'f4040404-0404-4404-8404-040404040409', 'f4040404-0404-4404-8404-040404040410');

DELETE FROM ledger_entries WHERE reference_type = 'DEMO_SEED_FUNDING'
    OR (reference_type = 'TRANSFER' AND reference_id IN (
        'f4040404-0404-4404-8404-040404040401', 'f4040404-0404-4404-8404-040404040402', 'f4040404-0404-4404-8404-040404040403',
        'f4040404-0404-4404-8404-040404040404', 'f4040404-0404-4404-8404-040404040405', 'f4040404-0404-4404-8404-040404040406',
        'f4040404-0404-4404-8404-040404040407', 'f4040404-0404-4404-8404-040404040408', 'f4040404-0404-4404-8404-040404040409',
        'f4040404-0404-4404-8404-040404040410'))
    OR (reference_type = 'LOAN_DISBURSE' AND reference_id IN (
        'f3030303-0303-4303-8303-030303030301', 'f3030303-0303-4303-8303-030303030302'))
    OR (reference_type = 'LOAN_REPAYMENT' AND reference_id IN (
        'f6060606-0606-4606-8606-060606060101', 'f6060606-0606-4606-8606-060606060102', 'f6060606-0606-4606-8606-060606060103',
        'f6060606-0606-4606-8606-060606060201'));

DELETE FROM accounts WHERE id IN (
    'f2020202-0202-4202-8202-020202020201', 'f2020202-0202-4202-8202-020202020202', 'f2020202-0202-4202-8202-020202020203', 'f2020202-0202-4202-8202-020202020204',
    'f2020202-0202-4202-8202-020202020205', 'f2020202-0202-4202-8202-020202020206', 'f2020202-0202-4202-8202-020202020207');

DELETE FROM user_roles WHERE user_id IN (
    'f1010101-0101-4101-8101-010101010101', 'f1010101-0101-4101-8101-010101010102', 'f1010101-0101-4101-8101-010101010103');

DELETE FROM users WHERE id IN (
    'f1010101-0101-4101-8101-010101010101', 'f1010101-0101-4101-8101-010101010102', 'f1010101-0101-4101-8101-010101010103');

INSERT INTO users (id, email, password_hash, status, created_at, updated_at) VALUES
    ('f1010101-0101-4101-8101-010101010101', 'demo.alice@demo.bank', '$2b$10$s3oxfdfGVf9iiaqpJ2P1F.gIN/VP0F35NtARIiQpNI/wpM36uQFsy', 'ACTIVE', CURRENT_TIMESTAMP, CURRENT_TIMESTAMP),
    ('f1010101-0101-4101-8101-010101010102', 'demo.bob@demo.bank', '$2b$10$s3oxfdfGVf9iiaqpJ2P1F.gIN/VP0F35NtARIiQpNI/wpM36uQFsy', 'ACTIVE', CURRENT_TIMESTAMP, CURRENT_TIMESTAMP),
    ('f1010101-0101-4101-8101-010101010103', 'demo.admin@demo.bank', '$2b$10$s3oxfdfGVf9iiaqpJ2P1F.gIN/VP0F35NtARIiQpNI/wpM36uQFsy', 'ACTIVE', CURRENT_TIMESTAMP, CURRENT_TIMESTAMP);

INSERT INTO user_roles (user_id, role_id) VALUES
    ('f1010101-0101-4101-8101-010101010101', '00000000-0000-0000-0000-0000000000a1'),
    ('f1010101-0101-4101-8101-010101010102', '00000000-0000-0000-0000-0000000000a1'),
    ('f1010101-0101-4101-8101-010101010103', '00000000-0000-0000-0000-0000000000a2');

INSERT INTO accounts (id, user_id, type, currency, status, created_at, updated_at) VALUES
    ('f2020202-0202-4202-8202-020202020201', 'f1010101-0101-4101-8101-010101010101', 'CHECKING', 'USD', 'ACTIVE', CURRENT_TIMESTAMP, CURRENT_TIMESTAMP),
    ('f2020202-0202-4202-8202-020202020202', 'f1010101-0101-4101-8101-010101010101', 'SAVINGS', 'USD', 'ACTIVE', CURRENT_TIMESTAMP, CURRENT_TIMESTAMP),
    ('f2020202-0202-4202-8202-020202020203', 'f1010101-0101-4101-8101-010101010102', 'CHECKING', 'USD', 'ACTIVE', CURRENT_TIMESTAMP, CURRENT_TIMESTAMP),
    ('f2020202-0202-4202-8202-020202020204', 'f1010101-0101-4101-8101-010101010102', 'SAVINGS', 'USD', 'ACTIVE', CURRENT_TIMESTAMP, CURRENT_TIMESTAMP),
    ('f2020202-0202-4202-8202-020202020205', 'f1010101-0101-4101-8101-010101010103', 'CHECKING', 'USD', 'ACTIVE', CURRENT_TIMESTAMP, CURRENT_TIMESTAMP),
    ('f2020202-0202-4202-8202-020202020206', 'f1010101-0101-4101-8101-010101010101', 'LOAN', 'USD', 'ACTIVE', CURRENT_TIMESTAMP, CURRENT_TIMESTAMP),
    ('f2020202-0202-4202-8202-020202020207', 'f1010101-0101-4101-8101-010101010102', 'LOAN', 'USD', 'ACTIVE', CURRENT_TIMESTAMP, CURRENT_TIMESTAMP);

-- Initial funding (DEMO_SEED_FUNDING)
INSERT INTO ledger_entries (id, account_id, entry_type, amount, currency, reference_type, reference_id, created_at) VALUES
    ('f7070707-0707-4707-8707-070707070001', 'aaaaaaaa-aaaa-aaaa-aaaa-aaaaaaaaaaaa', 'DEBIT', 10000.0000, 'USD', 'DEMO_SEED_FUNDING', 'f8080808-0808-4808-8808-080808080101', CURRENT_TIMESTAMP),
    ('f7070707-0707-4707-8707-070707070002', 'f2020202-0202-4202-8202-020202020201', 'CREDIT', 10000.0000, 'USD', 'DEMO_SEED_FUNDING', 'f8080808-0808-4808-8808-080808080101', CURRENT_TIMESTAMP);
INSERT INTO ledger_entries (id, account_id, entry_type, amount, currency, reference_type, reference_id, created_at) VALUES
    ('f7070707-0707-4707-8707-070707070003', 'aaaaaaaa-aaaa-aaaa-aaaa-aaaaaaaaaaaa', 'DEBIT', 5000.0000, 'USD', 'DEMO_SEED_FUNDING', 'f8080808-0808-4808-8808-080808080102', CURRENT_TIMESTAMP),
    ('f7070707-0707-4707-8707-070707070004', 'f2020202-0202-4202-8202-020202020202', 'CREDIT', 5000.0000, 'USD', 'DEMO_SEED_FUNDING', 'f8080808-0808-4808-8808-080808080102', CURRENT_TIMESTAMP);
INSERT INTO ledger_entries (id, account_id, entry_type, amount, currency, reference_type, reference_id, created_at) VALUES
    ('f7070707-0707-4707-8707-070707070005', 'aaaaaaaa-aaaa-aaaa-aaaa-aaaaaaaaaaaa', 'DEBIT', 5000.0000, 'USD', 'DEMO_SEED_FUNDING', 'f8080808-0808-4808-8808-080808080103', CURRENT_TIMESTAMP),
    ('f7070707-0707-4707-8707-070707070006', 'f2020202-0202-4202-8202-020202020203', 'CREDIT', 5000.0000, 'USD', 'DEMO_SEED_FUNDING', 'f8080808-0808-4808-8808-080808080103', CURRENT_TIMESTAMP);
INSERT INTO ledger_entries (id, account_id, entry_type, amount, currency, reference_type, reference_id, created_at) VALUES
    ('f7070707-0707-4707-8707-070707070007', 'aaaaaaaa-aaaa-aaaa-aaaa-aaaaaaaaaaaa', 'DEBIT', 5000.0000, 'USD', 'DEMO_SEED_FUNDING', 'f8080808-0808-4808-8808-080808080104', CURRENT_TIMESTAMP),
    ('f7070707-0707-4707-8707-070707070008', 'f2020202-0202-4202-8202-020202020204', 'CREDIT', 5000.0000, 'USD', 'DEMO_SEED_FUNDING', 'f8080808-0808-4808-8808-080808080104', CURRENT_TIMESTAMP);
INSERT INTO ledger_entries (id, account_id, entry_type, amount, currency, reference_type, reference_id, created_at) VALUES
    ('f7070707-0707-4707-8707-070707070009', 'aaaaaaaa-aaaa-aaaa-aaaa-aaaaaaaaaaaa', 'DEBIT', 2000.0000, 'USD', 'DEMO_SEED_FUNDING', 'f8080808-0808-4808-8808-080808080105', CURRENT_TIMESTAMP),
    ('f7070707-0707-4707-8707-070707070010', 'f2020202-0202-4202-8202-020202020205', 'CREDIT', 2000.0000, 'USD', 'DEMO_SEED_FUNDING', 'f8080808-0808-4808-8808-080808080105', CURRENT_TIMESTAMP);

-- Transfers + ledger (TRANSFER)
INSERT INTO transfers (id, user_id, source_account_id, target_account_id, amount, currency, status, idempotency_key, failure_reason, reference_transfer_id, created_at, updated_at) VALUES
    ('f4040404-0404-4404-8404-040404040401', 'f1010101-0101-4101-8101-010101010101', 'f2020202-0202-4202-8202-020202020201', 'f2020202-0202-4202-8202-020202020204', 50.0000, 'USD', 'COMPLETED', 'f5050505-0505-4505-8505-050505050501', NULL, NULL, CURRENT_TIMESTAMP, CURRENT_TIMESTAMP);
INSERT INTO ledger_entries (id, account_id, entry_type, amount, currency, reference_type, reference_id, created_at) VALUES
    ('f7070707-0707-4707-8707-070707070011', 'f2020202-0202-4202-8202-020202020201', 'DEBIT', 50.0000, 'USD', 'TRANSFER', 'f4040404-0404-4404-8404-040404040401', CURRENT_TIMESTAMP),
    ('f7070707-0707-4707-8707-070707070012', 'f2020202-0202-4202-8202-020202020204', 'CREDIT', 50.0000, 'USD', 'TRANSFER', 'f4040404-0404-4404-8404-040404040401', CURRENT_TIMESTAMP);
INSERT INTO transfers (id, user_id, source_account_id, target_account_id, amount, currency, status, idempotency_key, failure_reason, reference_transfer_id, created_at, updated_at) VALUES
    ('f4040404-0404-4404-8404-040404040402', 'f1010101-0101-4101-8101-010101010102', 'f2020202-0202-4202-8202-020202020203', 'f2020202-0202-4202-8202-020202020202', 25.0000, 'USD', 'COMPLETED', 'f5050505-0505-4505-8505-050505050502', NULL, NULL, CURRENT_TIMESTAMP, CURRENT_TIMESTAMP);
INSERT INTO ledger_entries (id, account_id, entry_type, amount, currency, reference_type, reference_id, created_at) VALUES
    ('f7070707-0707-4707-8707-070707070013', 'f2020202-0202-4202-8202-020202020203', 'DEBIT', 25.0000, 'USD', 'TRANSFER', 'f4040404-0404-4404-8404-040404040402', CURRENT_TIMESTAMP),
    ('f7070707-0707-4707-8707-070707070014', 'f2020202-0202-4202-8202-020202020202', 'CREDIT', 25.0000, 'USD', 'TRANSFER', 'f4040404-0404-4404-8404-040404040402', CURRENT_TIMESTAMP);
INSERT INTO transfers (id, user_id, source_account_id, target_account_id, amount, currency, status, idempotency_key, failure_reason, reference_transfer_id, created_at, updated_at) VALUES
    ('f4040404-0404-4404-8404-040404040403', 'f1010101-0101-4101-8101-010101010101', 'f2020202-0202-4202-8202-020202020201', 'f2020202-0202-4202-8202-020202020202', 100.0000, 'USD', 'COMPLETED', 'f5050505-0505-4505-8505-050505050503', NULL, NULL, CURRENT_TIMESTAMP, CURRENT_TIMESTAMP);
INSERT INTO ledger_entries (id, account_id, entry_type, amount, currency, reference_type, reference_id, created_at) VALUES
    ('f7070707-0707-4707-8707-070707070015', 'f2020202-0202-4202-8202-020202020201', 'DEBIT', 100.0000, 'USD', 'TRANSFER', 'f4040404-0404-4404-8404-040404040403', CURRENT_TIMESTAMP),
    ('f7070707-0707-4707-8707-070707070016', 'f2020202-0202-4202-8202-020202020202', 'CREDIT', 100.0000, 'USD', 'TRANSFER', 'f4040404-0404-4404-8404-040404040403', CURRENT_TIMESTAMP);
INSERT INTO transfers (id, user_id, source_account_id, target_account_id, amount, currency, status, idempotency_key, failure_reason, reference_transfer_id, created_at, updated_at) VALUES
    ('f4040404-0404-4404-8404-040404040404', 'f1010101-0101-4101-8101-010101010102', 'f2020202-0202-4202-8202-020202020204', 'f2020202-0202-4202-8202-020202020203', 75.0000, 'USD', 'COMPLETED', 'f5050505-0505-4505-8505-050505050504', NULL, NULL, CURRENT_TIMESTAMP, CURRENT_TIMESTAMP);
INSERT INTO ledger_entries (id, account_id, entry_type, amount, currency, reference_type, reference_id, created_at) VALUES
    ('f7070707-0707-4707-8707-070707070017', 'f2020202-0202-4202-8202-020202020204', 'DEBIT', 75.0000, 'USD', 'TRANSFER', 'f4040404-0404-4404-8404-040404040404', CURRENT_TIMESTAMP),
    ('f7070707-0707-4707-8707-070707070018', 'f2020202-0202-4202-8202-020202020203', 'CREDIT', 75.0000, 'USD', 'TRANSFER', 'f4040404-0404-4404-8404-040404040404', CURRENT_TIMESTAMP);
INSERT INTO transfers (id, user_id, source_account_id, target_account_id, amount, currency, status, idempotency_key, failure_reason, reference_transfer_id, created_at, updated_at) VALUES
    ('f4040404-0404-4404-8404-040404040405', 'f1010101-0101-4101-8101-010101010101', 'f2020202-0202-4202-8202-020202020201', 'f2020202-0202-4202-8202-020202020203', 200.0000, 'USD', 'COMPLETED', 'f5050505-0505-4505-8505-050505050505', NULL, NULL, CURRENT_TIMESTAMP, CURRENT_TIMESTAMP);
INSERT INTO ledger_entries (id, account_id, entry_type, amount, currency, reference_type, reference_id, created_at) VALUES
    ('f7070707-0707-4707-8707-070707070019', 'f2020202-0202-4202-8202-020202020201', 'DEBIT', 200.0000, 'USD', 'TRANSFER', 'f4040404-0404-4404-8404-040404040405', CURRENT_TIMESTAMP),
    ('f7070707-0707-4707-8707-070707070020', 'f2020202-0202-4202-8202-020202020203', 'CREDIT', 200.0000, 'USD', 'TRANSFER', 'f4040404-0404-4404-8404-040404040405', CURRENT_TIMESTAMP);
INSERT INTO transfers (id, user_id, source_account_id, target_account_id, amount, currency, status, idempotency_key, failure_reason, reference_transfer_id, created_at, updated_at) VALUES
    ('f4040404-0404-4404-8404-040404040406', 'f1010101-0101-4101-8101-010101010102', 'f2020202-0202-4202-8202-020202020203', 'f2020202-0202-4202-8202-020202020201', 150.0000, 'USD', 'COMPLETED', 'f5050505-0505-4505-8505-050505050506', NULL, NULL, CURRENT_TIMESTAMP, CURRENT_TIMESTAMP);
INSERT INTO ledger_entries (id, account_id, entry_type, amount, currency, reference_type, reference_id, created_at) VALUES
    ('f7070707-0707-4707-8707-070707070021', 'f2020202-0202-4202-8202-020202020203', 'DEBIT', 150.0000, 'USD', 'TRANSFER', 'f4040404-0404-4404-8404-040404040406', CURRENT_TIMESTAMP),
    ('f7070707-0707-4707-8707-070707070022', 'f2020202-0202-4202-8202-020202020201', 'CREDIT', 150.0000, 'USD', 'TRANSFER', 'f4040404-0404-4404-8404-040404040406', CURRENT_TIMESTAMP);
INSERT INTO transfers (id, user_id, source_account_id, target_account_id, amount, currency, status, idempotency_key, failure_reason, reference_transfer_id, created_at, updated_at) VALUES
    ('f4040404-0404-4404-8404-040404040407', 'f1010101-0101-4101-8101-010101010101', 'f2020202-0202-4202-8202-020202020202', 'f2020202-0202-4202-8202-020202020204', 30.0000, 'USD', 'COMPLETED', 'f5050505-0505-4505-8505-050505050507', NULL, NULL, CURRENT_TIMESTAMP, CURRENT_TIMESTAMP);
INSERT INTO ledger_entries (id, account_id, entry_type, amount, currency, reference_type, reference_id, created_at) VALUES
    ('f7070707-0707-4707-8707-070707070023', 'f2020202-0202-4202-8202-020202020202', 'DEBIT', 30.0000, 'USD', 'TRANSFER', 'f4040404-0404-4404-8404-040404040407', CURRENT_TIMESTAMP),
    ('f7070707-0707-4707-8707-070707070024', 'f2020202-0202-4202-8202-020202020204', 'CREDIT', 30.0000, 'USD', 'TRANSFER', 'f4040404-0404-4404-8404-040404040407', CURRENT_TIMESTAMP);
INSERT INTO transfers (id, user_id, source_account_id, target_account_id, amount, currency, status, idempotency_key, failure_reason, reference_transfer_id, created_at, updated_at) VALUES
    ('f4040404-0404-4404-8404-040404040408', 'f1010101-0101-4101-8101-010101010103', 'f2020202-0202-4202-8202-020202020205', 'f2020202-0202-4202-8202-020202020201', 10.0000, 'USD', 'COMPLETED', 'f5050505-0505-4505-8505-050505050508', NULL, NULL, CURRENT_TIMESTAMP, CURRENT_TIMESTAMP);
INSERT INTO ledger_entries (id, account_id, entry_type, amount, currency, reference_type, reference_id, created_at) VALUES
    ('f7070707-0707-4707-8707-070707070025', 'f2020202-0202-4202-8202-020202020205', 'DEBIT', 10.0000, 'USD', 'TRANSFER', 'f4040404-0404-4404-8404-040404040408', CURRENT_TIMESTAMP),
    ('f7070707-0707-4707-8707-070707070026', 'f2020202-0202-4202-8202-020202020201', 'CREDIT', 10.0000, 'USD', 'TRANSFER', 'f4040404-0404-4404-8404-040404040408', CURRENT_TIMESTAMP);
INSERT INTO transfers (id, user_id, source_account_id, target_account_id, amount, currency, status, idempotency_key, failure_reason, reference_transfer_id, created_at, updated_at) VALUES
    ('f4040404-0404-4404-8404-040404040409', 'f1010101-0101-4101-8101-010101010101', 'f2020202-0202-4202-8202-020202020201', 'f2020202-0202-4202-8202-020202020205', 5.0000, 'USD', 'COMPLETED', 'f5050505-0505-4505-8505-050505050509', NULL, NULL, CURRENT_TIMESTAMP, CURRENT_TIMESTAMP);
INSERT INTO ledger_entries (id, account_id, entry_type, amount, currency, reference_type, reference_id, created_at) VALUES
    ('f7070707-0707-4707-8707-070707070027', 'f2020202-0202-4202-8202-020202020201', 'DEBIT', 5.0000, 'USD', 'TRANSFER', 'f4040404-0404-4404-8404-040404040409', CURRENT_TIMESTAMP),
    ('f7070707-0707-4707-8707-070707070028', 'f2020202-0202-4202-8202-020202020205', 'CREDIT', 5.0000, 'USD', 'TRANSFER', 'f4040404-0404-4404-8404-040404040409', CURRENT_TIMESTAMP);
INSERT INTO transfers (id, user_id, source_account_id, target_account_id, amount, currency, status, idempotency_key, failure_reason, reference_transfer_id, created_at, updated_at) VALUES
    ('f4040404-0404-4404-8404-040404040410', 'f1010101-0101-4101-8101-010101010102', 'f2020202-0202-4202-8202-020202020203', 'f2020202-0202-4202-8202-020202020202', 40.0000, 'USD', 'COMPLETED', 'f5050505-0505-4505-8505-050505050510', NULL, NULL, CURRENT_TIMESTAMP, CURRENT_TIMESTAMP);
INSERT INTO ledger_entries (id, account_id, entry_type, amount, currency, reference_type, reference_id, created_at) VALUES
    ('f7070707-0707-4707-8707-070707070029', 'f2020202-0202-4202-8202-020202020203', 'DEBIT', 40.0000, 'USD', 'TRANSFER', 'f4040404-0404-4404-8404-040404040410', CURRENT_TIMESTAMP),
    ('f7070707-0707-4707-8707-070707070030', 'f2020202-0202-4202-8202-020202020202', 'CREDIT', 40.0000, 'USD', 'TRANSFER', 'f4040404-0404-4404-8404-040404040410', CURRENT_TIMESTAMP);

INSERT INTO loans (id, user_id, checking_account_id, loan_account_id, principal, currency, monthly_interest_rate, term_months, monthly_payment, status, created_at, updated_at) VALUES
    ('f3030303-0303-4303-8303-030303030301', 'f1010101-0101-4101-8101-010101010101', 'f2020202-0202-4202-8202-020202020201', 'f2020202-0202-4202-8202-020202020206', 10000.0000, 'USD', 0.00500000, 12, 860.6643, 'ACTIVE', CURRENT_TIMESTAMP, CURRENT_TIMESTAMP),
    ('f3030303-0303-4303-8303-030303030302', 'f1010101-0101-4101-8101-010101010102', 'f2020202-0202-4202-8202-020202020203', 'f2020202-0202-4202-8202-020202020207', 5000.0000, 'USD', 0.00500000, 12, 430.3321, 'ACTIVE', CURRENT_TIMESTAMP, CURRENT_TIMESTAMP);

INSERT INTO loan_repayments (id, loan_id, installment_number, due_date, amount, status, paid_at) VALUES
    ('f6060606-0606-4606-8606-060606060101', 'f3030303-0303-4303-8303-030303030301', 1, DATE '2026-02-01', 860.6643, 'PAID', TIMESTAMP '2026-03-15 12:00:00'),
    ('f6060606-0606-4606-8606-060606060102', 'f3030303-0303-4303-8303-030303030301', 2, DATE '2026-03-01', 860.6643, 'PAID', TIMESTAMP '2026-03-15 12:00:00'),
    ('f6060606-0606-4606-8606-060606060103', 'f3030303-0303-4303-8303-030303030301', 3, DATE '2026-04-01', 860.6643, 'PAID', TIMESTAMP '2026-03-15 12:00:00'),
    ('f6060606-0606-4606-8606-060606060104', 'f3030303-0303-4303-8303-030303030301', 4, DATE '2026-05-01', 860.6643, 'PENDING', NULL),
    ('f6060606-0606-4606-8606-060606060105', 'f3030303-0303-4303-8303-030303030301', 5, DATE '2026-06-01', 860.6643, 'PENDING', NULL),
    ('f6060606-0606-4606-8606-060606060106', 'f3030303-0303-4303-8303-030303030301', 6, DATE '2026-07-01', 860.6643, 'PENDING', NULL),
    ('f6060606-0606-4606-8606-060606060107', 'f3030303-0303-4303-8303-030303030301', 7, DATE '2026-08-01', 860.6643, 'PENDING', NULL),
    ('f6060606-0606-4606-8606-060606060108', 'f3030303-0303-4303-8303-030303030301', 8, DATE '2026-09-01', 860.6643, 'PENDING', NULL),
    ('f6060606-0606-4606-8606-060606060109', 'f3030303-0303-4303-8303-030303030301', 9, DATE '2026-10-01', 860.6643, 'PENDING', NULL),
    ('f6060606-0606-4606-8606-06060606010a', 'f3030303-0303-4303-8303-030303030301', 10, DATE '2026-11-01', 860.6643, 'PENDING', NULL),
    ('f6060606-0606-4606-8606-06060606010b', 'f3030303-0303-4303-8303-030303030301', 11, DATE '2026-12-01', 860.6643, 'PENDING', NULL),
    ('f6060606-0606-4606-8606-06060606010c', 'f3030303-0303-4303-8303-030303030301', 12, DATE '2027-01-01', 860.6642, 'PENDING', NULL);

INSERT INTO loan_repayments (id, loan_id, installment_number, due_date, amount, status, paid_at) VALUES
    ('f6060606-0606-4606-8606-060606060201', 'f3030303-0303-4303-8303-030303030302', 1, DATE '2026-02-01', 430.3321, 'PAID', TIMESTAMP '2026-03-15 12:00:00'),
    ('f6060606-0606-4606-8606-060606060202', 'f3030303-0303-4303-8303-030303030302', 2, DATE '2026-03-01', 430.3321, 'PENDING', NULL),
    ('f6060606-0606-4606-8606-060606060203', 'f3030303-0303-4303-8303-030303030302', 3, DATE '2026-04-01', 430.3321, 'PENDING', NULL),
    ('f6060606-0606-4606-8606-060606060204', 'f3030303-0303-4303-8303-030303030302', 4, DATE '2026-05-01', 430.3321, 'PENDING', NULL),
    ('f6060606-0606-4606-8606-060606060205', 'f3030303-0303-4303-8303-030303030302', 5, DATE '2026-06-01', 430.3321, 'PENDING', NULL),
    ('f6060606-0606-4606-8606-060606060206', 'f3030303-0303-4303-8303-030303030302', 6, DATE '2026-07-01', 430.3321, 'PENDING', NULL),
    ('f6060606-0606-4606-8606-060606060207', 'f3030303-0303-4303-8303-030303030302', 7, DATE '2026-08-01', 430.3321, 'PENDING', NULL),
    ('f6060606-0606-4606-8606-060606060208', 'f3030303-0303-4303-8303-030303030302', 8, DATE '2026-09-01', 430.3321, 'PENDING', NULL),
    ('f6060606-0606-4606-8606-060606060209', 'f3030303-0303-4303-8303-030303030302', 9, DATE '2026-10-01', 430.3321, 'PENDING', NULL),
    ('f6060606-0606-4606-8606-06060606020a', 'f3030303-0303-4303-8303-030303030302', 10, DATE '2026-11-01', 430.3321, 'PENDING', NULL),
    ('f6060606-0606-4606-8606-06060606020b', 'f3030303-0303-4303-8303-030303030302', 11, DATE '2026-12-01', 430.3321, 'PENDING', NULL),
    ('f6060606-0606-4606-8606-06060606020c', 'f3030303-0303-4303-8303-030303030302', 12, DATE '2027-01-01', 430.3328, 'PENDING', NULL);

-- Loan disbursements (LOAN_DISBURSE)
INSERT INTO ledger_entries (id, account_id, entry_type, amount, currency, reference_type, reference_id, created_at) VALUES
    ('f7070707-0707-4707-8707-070707070031', 'aaaaaaaa-aaaa-aaaa-aaaa-aaaaaaaaaaaa', 'DEBIT', 10000.0000, 'USD', 'LOAN_DISBURSE', 'f3030303-0303-4303-8303-030303030301', CURRENT_TIMESTAMP),
    ('f7070707-0707-4707-8707-070707070032', 'f2020202-0202-4202-8202-020202020201', 'CREDIT', 10000.0000, 'USD', 'LOAN_DISBURSE', 'f3030303-0303-4303-8303-030303030301', CURRENT_TIMESTAMP);
INSERT INTO ledger_entries (id, account_id, entry_type, amount, currency, reference_type, reference_id, created_at) VALUES
    ('f7070707-0707-4707-8707-070707070033', 'aaaaaaaa-aaaa-aaaa-aaaa-aaaaaaaaaaaa', 'DEBIT', 5000.0000, 'USD', 'LOAN_DISBURSE', 'f3030303-0303-4303-8303-030303030302', CURRENT_TIMESTAMP),
    ('f7070707-0707-4707-8707-070707070034', 'f2020202-0202-4202-8202-020202020203', 'CREDIT', 5000.0000, 'USD', 'LOAN_DISBURSE', 'f3030303-0303-4303-8303-030303030302', CURRENT_TIMESTAMP);

-- Loan repayments posted (LOAN_REPAYMENT)
INSERT INTO ledger_entries (id, account_id, entry_type, amount, currency, reference_type, reference_id, created_at) VALUES
    ('f7070707-0707-4707-8707-070707070035', 'f2020202-0202-4202-8202-020202020201', 'DEBIT', 860.6643, 'USD', 'LOAN_REPAYMENT', 'f6060606-0606-4606-8606-060606060101', CURRENT_TIMESTAMP),
    ('f7070707-0707-4707-8707-070707070036', 'aaaaaaaa-aaaa-aaaa-aaaa-aaaaaaaaaaaa', 'CREDIT', 860.6643, 'USD', 'LOAN_REPAYMENT', 'f6060606-0606-4606-8606-060606060101', CURRENT_TIMESTAMP);
INSERT INTO ledger_entries (id, account_id, entry_type, amount, currency, reference_type, reference_id, created_at) VALUES
    ('f7070707-0707-4707-8707-070707070037', 'f2020202-0202-4202-8202-020202020201', 'DEBIT', 860.6643, 'USD', 'LOAN_REPAYMENT', 'f6060606-0606-4606-8606-060606060102', CURRENT_TIMESTAMP),
    ('f7070707-0707-4707-8707-070707070038', 'aaaaaaaa-aaaa-aaaa-aaaa-aaaaaaaaaaaa', 'CREDIT', 860.6643, 'USD', 'LOAN_REPAYMENT', 'f6060606-0606-4606-8606-060606060102', CURRENT_TIMESTAMP);
INSERT INTO ledger_entries (id, account_id, entry_type, amount, currency, reference_type, reference_id, created_at) VALUES
    ('f7070707-0707-4707-8707-070707070039', 'f2020202-0202-4202-8202-020202020201', 'DEBIT', 860.6643, 'USD', 'LOAN_REPAYMENT', 'f6060606-0606-4606-8606-060606060103', CURRENT_TIMESTAMP),
    ('f7070707-0707-4707-8707-070707070040', 'aaaaaaaa-aaaa-aaaa-aaaa-aaaaaaaaaaaa', 'CREDIT', 860.6643, 'USD', 'LOAN_REPAYMENT', 'f6060606-0606-4606-8606-060606060103', CURRENT_TIMESTAMP);
INSERT INTO ledger_entries (id, account_id, entry_type, amount, currency, reference_type, reference_id, created_at) VALUES
    ('f7070707-0707-4707-8707-070707070041', 'f2020202-0202-4202-8202-020202020203', 'DEBIT', 430.3321, 'USD', 'LOAN_REPAYMENT', 'f6060606-0606-4606-8606-060606060201', CURRENT_TIMESTAMP),
    ('f7070707-0707-4707-8707-070707070042', 'aaaaaaaa-aaaa-aaaa-aaaa-aaaaaaaaaaaa', 'CREDIT', 430.3321, 'USD', 'LOAN_REPAYMENT', 'f6060606-0606-4606-8606-060606060201', CURRENT_TIMESTAMP);
